字段名,类型,说明,是否有值
作品ID,文本,豆瓣 subject_id，全表唯一主键，可用来去重与回溯,有
作品名称,文本,豆瓣主标题,有
原名,文本,外语片的原文名,有
别名,文本,又名 / 港台译名，多个用 / 分隔,有
作品类型,维度,电影 或 剧集/番剧,有
详情完整,维度,是/否。否=豆瓣详情被限流降级，简介/原名/语言/时长等字段是空的，分析时建议筛掉,有
年份,数值,豆瓣标注年份,有
年代,维度,按十年归并，如 2020 年代,有
上映日期,日期,首个上映日期，格式 yyyy-mm-dd(地区),有
上映年,数值,从上映日期里抽出的年份,有
评分,数值,豆瓣评分，0-10,有
评分档,维度,评分区间分档，适合做颜色/图例,有
评分星级,数值,豆瓣 1-5 星制,有
评分人数,数值,打分总人数，衡量热度,有
热度档,维度,评分人数分档,有
主类型,维度,豆瓣类型标签的第一个,有
类型2,维度,第二个类型标签,有
类型3,维度,第三个类型标签,有
类型数,数值,类型标签个数，可衡量题材复合度,有
标签全集,文本,全部类型标签，空格分隔，便于做标签筛选,有
地区,维度,制片国家/地区,有
是否国产,维度,宽口径：制片国家里只要含「中国大陆」就算「是」，合拍片（如 法国/中国大陆）也算；想只看纯国产请用「主出品地区」过滤,有
主出品地区,维度,豆瓣列出的第一个制片国家，即主出品方所在地,有
语言,维度,对白语言,有
时长分钟,数值,单集或片长，已统一换算成分钟,有
时长档,维度,时长区间分档,有
集数,数值,剧集的总集数；电影一律留空，豆瓣对少数栏目/综艺剧集也返回 0，同样置空（0 集无意义，留着会污染平均与计数）,有
导演,文本,导演，多个用 / 分隔,有
主演,文本,前 5 位主演,有
主演人数,数值,演职员表里的演员数,有
短评数,数值,豆瓣短评条数,有
影评数,数值,豆瓣长影评条数,有
简介,文本,剧情简介，截断到 500 字,有
封面图,文本,海报 URL，Tableau 里可用图像角色,有
豆瓣链接,文本,详情页 URL,有
数据更新时间,日期,该行数据的抓取时间,有
猫眼快照日期,日期,猫眼票房榜快照日期。按归一化片名匹配（去空格与标点），匹配不上为空 —— 留空好过把别的片子票房挂到这行上,有
猫眼累计票房,文本,猫眼累计票房（官方文本，含亿/万单位），如 5220.5万,有
猫眼票房占比,文本,当日票房占大盘比例，如 38.0%,有
猫眼排片占比,文本,当日场次占大盘比例，如 29.4%,有
猫眼上座率,文本,当日平均上座率，如 6.9%,有
猫眼场均人次,数值,当日平均每场观影人次,有
猫眼场次,数值,当日排映场次,有
猫眼当日排名,数值,猫眼当日票房榜名次，1 = 冠军,有
猫眼上映状态,维度,上映首日 / 上映52天 / 点映 / 展映,有
猫眼类型,文本,"猫眼自己的类型标签，逗号分隔，如 神话,喜剧,冒险,动画",有
